{
"lengthUnit": "mil",
"remark": [],
"components": {
	"fields": ["COMPONENT_NO", "COMPONENT_NAME", "LAYER", "X_COORDINATE", "Y_COORDINATE", "ANGLE"],
	"rows": [
		[1, "C1", "T", -400, -80, 270],
		[2, "C2", "T", -300, 320, 90],
		[3, "C3", "T", -200, 320, 90],
		[4, "C4", "T", -280, 680, 270],
		[5, "C5", "T", -200, 680, 270],
		[6, "C6", "T", 480, 280, 270],
		[7, "C7", "T", 719.37, 280.63, 90],
		[8, "C8", "T", 520, 680, 270],
		[9, "C9", "T", 420, 680, 270],
		[10, "C10", "T", 120, 80, 0],
		[11, "C11", "T", -980, -80, 270],
		[12, "C12", "T", -880, -80, 90],
		[13, "CON1", "T", -260, -500, 0],
		[14, "CON2", "T", 750, -420, 180],
		[15, "CON3", "T", -960, -553.7819, 0],
		[16, "D1", "T", -220, -260, 0],
		[17, "D2", "T", -740, -240, 0],
		[18, "L1", "T", 582.797, 311.148, 0],
		[19, "L2", "T", 582.797, 251.148, 0],
		[20, "R1", "T", 800, -20, 0],
		[21, "U1", "T", -280, -80, 270],
		[22, "U2", "T", 120, 480, 270],
		[23, "U3", "T", -740, -60, 0],
		[24, "PAD1", "T", -400, -107.56, 0],
		[25, "PAD2", "T", -400, -52.44, 0],
		[26, "PAD3", "T", -300, 359.37, 0],
		[27, "PAD4", "T", -300, 280.63, 0],
		[28, "PAD5", "T", -200, 347.56, 0],
		[29, "PAD6", "T", -200, 292.44, 0],
		[30, "PAD7", "T", -280, 652.44, 0],
		[31, "PAD8", "T", -280, 707.56, 0],
		[32, "PAD9", "T", -200, 652.44, 0],
		[33, "PAD10", "T", -200, 707.56, 0],
		[34, "PAD11", "T", 480, 252.44, 0],
		[35, "PAD12", "T", 480, 307.56, 0],
		[36, "PAD13", "T", 719.37, 320, 0],
		[37, "PAD14", "T", 719.37, 241.26, 0],
		[38, "PAD15", "T", 520, 652.44, 0],
		[39, "PAD16", "T", 520, 707.56, 0],
		[40, "PAD17", "T", 420, 652.44, 0],
		[41, "PAD18", "T", 420, 707.56, 0],
		[42, "PAD19", "T", 210.26, 80, 0],
		[43, "PAD20", "T", 29.74, 80, 0],
		[44, "PAD21", "T", -980, -107.56, 0],
		[45, "PAD22", "T", -980, -52.44, 0],
		[46, "PAD23", "T", -880, -40.63, 0],
		[47, "PAD24", "T", -880, -119.37, 0],
		[48, "PAD25", "T", 750, -420, 0],
		[49, "PAD25", "B", 750, -420, 0],
		[50, "PAD26", "T", 750, -270, 0],
		[51, "PAD26", "B", 750, -270, 0],
		[52, "PAD27", "T", 900, -270, 0],
		[53, "PAD27", "B", 900, -270, 0],
		[54, "PAD28", "T", -910.785, -461.0669, 0],
		[55, "PAD28", "B", -910.785, -461.0669, 0],
		[56, "PAD29", "T", -910.785, -539.8069, 0],
		[57, "PAD29", "B", -910.785, -539.8069, 0],
		[58, "PAD30", "T", -264.88, -260, 0],
		[59, "PAD31", "T", -175.12, -260, 0],
		[60, "PAD32", "T", -752.804, -239.998, 0],
		[61, "PAD33", "T", -727.214, -239.998, 0],
		[62, "PAD34", "T", 604.257, 311.148, 0],
		[63, "PAD35", "T", 561.337, 311.148, 0],
		[64, "PAD36", "T", 604.257, 251.148, 0],
		[65, "PAD37", "T", 561.337, 251.148, 0],
		[66, "PAD38", "T", 829.66, -20, 0],
		[67, "PAD39", "T", 770.34, -20, 0],
		[68, "PAD40", "T", -280.005, -123.307, 0],
		[69, "PAD41", "T", -242.605, -123.307, 0],
		[70, "PAD42", "T", -242.595, -36.687, 0],
		[71, "PAD43", "T", -317.405, -36.687, 0],
		[72, "PAD44", "T", -66.22, 705, 0],
		[73, "PAD45", "T", -66.22, 655, 0],
		[74, "PAD46", "T", -66.22, 605, 0],
		[75, "PAD47", "T", -66.22, 505, 0],
		[76, "PAD48", "T", -66.22, 455, 0],
		[77, "PAD49", "T", -66.22, 405, 0],
		[78, "PAD50", "T", -66.22, 355, 0],
		[79, "PAD51", "T", -66.22, 305, 0],
		[80, "PAD52", "T", -66.22, 255, 0],
		[81, "PAD53", "T", 306.22, 705, 0],
		[82, "PAD54", "T", 306.22, 655, 0],
		[83, "PAD55", "T", 306.22, 605, 0],
		[84, "PAD56", "T", 306.22, 555, 0],
		[85, "PAD57", "T", 306.22, 505, 0],
		[86, "PAD58", "T", 306.22, 455, 0],
		[87, "PAD59", "T", 306.22, 405, 0],
		[88, "PAD60", "T", 306.22, 355, 0],
		[89, "PAD61", "T", 306.22, 305, 0],
		[90, "PAD62", "T", 306.22, 255, 0],
		[91, "PAD63", "T", -699.01, -97.4, 0],
		[92, "PAD64", "T", -699.01, -22.6, 0],
		[93, "PAD65", "T", -780.99, -60, 0],
		[94, "PAD66", "T", -161.57, -400.59, 0],
		[95, "PAD66", "B", -161.57, -400.59, 0],
		[96, "PAD67", "T", -260, -400.59, 0],
		[97, "PAD67", "B", -260, -400.59, 0]
	]
},
"pins": {
	"fields": ["PIN_NO", "PIN_NAME", "PIN_X", "PIN_Y", "LAYER", "PIN_TYPE", "NET_NAME", "NET_TYPE", "PAD_SHAPE", "PAD_SIZEX", "PAD_SIZEY", "HOLE_SIZE", "HOLE_LEN", "PAD_ANGLE"],
	"rows": [
		[1, "C1_1", -400, -52.44, "T", "SMD", "+3V3", "", "R", 31.496, 35.433, 0, 0, 270],
		[2, "C1_2", -400, -107.56, "T", "SMD", "GND", "GND", "R", 31.496, 35.433, 0, 0, 270],
		[3, "C2_1", -300, 280.63, "T", "SMD", "GND", "GND", "R", 55.512, 53.15, 0, 0, 90],
		[4, "C2_2", -300, 359.37, "T", "SMD", "+5V", "", "R", 55.512, 53.15, 0, 0, 90],
		[5, "C3_1", -200, 292.44, "T", "SMD", "GND", "GND", "R", 31.496, 35.433, 0, 0, 90],
		[6, "C3_2", -200, 347.56, "T", "SMD", "+5V", "", "R", 31.496, 35.433, 0, 0, 90],
		[7, "C4_1", -280, 707.56, "T", "SMD", "GND", "GND", "R", 31.496, 35.433, 0, 0, 270],
		[8, "C4_2", -280, 652.44, "T", "SMD", "+5V", "", "R", 31.496, 35.433, 0, 0, 270],
		[9, "C5_1", -200, 707.56, "T", "SMD", "GND", "GND", "R", 31.496, 35.433, 0, 0, 270],
		[10, "C5_2", -200, 652.44, "T", "SMD", "+5V", "", "R", 31.496, 35.433, 0, 0, 270],
		[11, "C6_1", 480, 307.56, "T", "SMD", "VCC_ISOOUT", "", "R", 31.496, 35.433, 0, 0, 270],
		[12, "C6_2", 480, 252.44, "T", "SMD", "GND_ISOOUT", "", "R", 31.496, 35.433, 0, 0, 270],
		[13, "C7_1", 719.37, 241.26, "T", "SMD", "GND_ISO", "", "R", 55.512, 53.15, 0, 0, 90],
		[14, "C7_2", 719.37, 320, "T", "SMD", "VCC_ISO", "", "R", 55.512, 53.15, 0, 0, 90],
		[15, "C8_1", 520, 707.56, "T", "SMD", "GND_ISO", "", "R", 31.496, 35.433, 0, 0, 270],
		[16, "C8_2", 520, 652.44, "T", "SMD", "VCC_ISO", "", "R", 31.496, 35.433, 0, 0, 270],
		[17, "C9_1", 420, 707.56, "T", "SMD", "GND_ISO", "", "R", 31.496, 35.433, 0, 0, 270],
		[18, "C9_2", 420, 652.44, "T", "SMD", "VCC_ISO", "", "R", 31.496, 35.433, 0, 0, 270],
		[19, "C10_1", 29.74, 80, "T", "SMD", "GND", "GND", "R", 58.465, 136.063, 0, 0, 0],
		[20, "C10_2", 210.26, 80, "T", "SMD", "GND_ISOOUT", "", "R", 58.465, 136.063, 0, 0, 0],
		[21, "C11_1", -980, -52.44, "T", "SMD", "+5V", "", "R", 31.496, 35.433, 0, 0, 270],
		[22, "C11_2", -980, -107.56, "T", "SMD", "GND", "GND", "R", 31.496, 35.433, 0, 0, 270],
		[23, "C12_1", -880, -119.37, "T", "SMD", "GND", "GND", "R", 55.512, 53.15, 0, 0, 90],
		[24, "C12_2", -880, -40.63, "T", "SMD", "+5V", "", "R", 55.512, 53.15, 0, 0, 90],
		[25, "CON1_1", -260, -400.59, "T", "DIP", "$1N303", "", "C", 62.992, 62.992, 39.37, 39.37, 270],
		[26, "CON1_1", -260, -400.59, "B", "DIP", "$1N303", "", "C", 62.992, 62.992, 39.37, 39.37, 270],
		[27, "CON1_2", -161.57, -400.59, "T", "DIP", "GND", "GND", "C", 62.992, 62.992, 39.37, 39.37, 270],
		[28, "CON1_2", -161.57, -400.59, "B", "DIP", "GND", "GND", "C", 62.992, 62.992, 39.37, 39.37, 270],
		[29, "CON1_3", -61.18, -599.41, "T", "DIP", "NET_1", "", "C", 102.4, 102.4, 86.6, 86.6, 180],
		[30, "CON1_3", -61.18, -599.41, "B", "DIP", "NET_1", "", "C", 102.4, 102.4, 86.6, 86.6, 180],
		[31, "CON1_4", -458.82, -599.41, "T", "DIP", "NET_2", "", "C", 102.4, 102.4, 86.6, 86.6, 180],
		[32, "CON1_4", -458.82, -599.41, "B", "DIP", "NET_2", "", "C", 102.4, 102.4, 86.6, 86.6, 180],
		[33, "CON2_1", 900, -270, "T", "DIP", "GND_ISO", "", "C", 90.551, 90.551, 66.93, 66.93, 180],
		[34, "CON2_1", 900, -270, "B", "DIP", "GND_ISO", "", "C", 90.551, 90.551, 66.93, 66.93, 180],
		[35, "CON2_2", 750, -420, "T", "DIP", "DMX-", "", "C", 74.803, 74.803, 51.182, 51.182, 180],
		[36, "CON2_2", 750, -420, "B", "DIP", "DMX-", "", "C", 74.803, 74.803, 51.182, 51.182, 180],
		[37, "CON2_3", 750, -270, "T", "DIP", "DMX+", "", "C", 74.803, 74.803, 51.182, 51.182, 180],
		[38, "CON2_3", 750, -270, "B", "DIP", "DMX+", "", "C", 74.803, 74.803, 51.182, 51.182, 180],
		[39, "CON2_4", 475.1969, -420, "T", "DIP", "NET_3", "", "C", 70.866, 70.866, 47.2, 47.2, 180],
		[40, "CON2_4", 475.1969, -420, "B", "DIP", "NET_3", "", "C", 70.866, 70.866, 47.2, 47.2, 180],
		[41, "CON2_5", 600, -270, "T", "DIP", "NET_4", "", "C", 90.551, 90.551, 66.93, 66.93, 180],
		[42, "CON2_5", 600, -270, "B", "DIP", "NET_4", "", "C", 90.551, 90.551, 66.93, 66.93, 180],
		[43, "CON2_999", 900, -795.1969, "T", "DIP", "NET_5", "", "C", 90.551, 90.551, 66.93, 66.93, 180],
		[44, "CON2_999", 900, -795.1969, "B", "DIP", "NET_5", "", "C", 90.551, 90.551, 66.93, 66.93, 180],
		[45, "CON2_999", 600, -595.1969, "T", "DIP", "NET_6", "", "C", 90.551, 90.551, 66.93, 66.93, 180],
		[46, "CON2_999", 600, -595.1969, "B", "DIP", "NET_6", "", "C", 90.551, 90.551, 66.93, 66.93, 180],
		[47, "CON2_G", 1074.8031, -670.3937, "T", "DIP", "NET_7", "", "C", 74.803, 74.803, 51.182, 51.182, 180],
		[48, "CON2_G", 1074.8031, -670.3937, "B", "DIP", "NET_7", "", "C", 74.803, 74.803, 51.182, 51.182, 180],
		[49, "CON3_1", -910.785, -461.0669, "T", "DIP", "+5V", "", "C", 62.992, 62.992, 39.37, 39.37, 0],
		[50, "CON3_1", -910.785, -461.0669, "B", "DIP", "+5V", "", "C", 62.992, 62.992, 39.37, 39.37, 0],
		[51, "CON3_2", -1009.215, -461.0669, "T", "DIP", "NET_8", "", "C", 62.992, 62.992, 39.37, 39.37, 0],
		[52, "CON3_2", -1009.215, -461.0669, "B", "DIP", "NET_8", "", "C", 62.992, 62.992, 39.37, 39.37, 0],
		[53, "CON3_3", -1009.215, -539.8069, "T", "DIP", "NET_9", "", "C", 62.992, 62.992, 39.37, 39.37, 0],
		[54, "CON3_3", -1009.215, -539.8069, "B", "DIP", "NET_9", "", "C", 62.992, 62.992, 39.37, 39.37, 0],
		[55, "CON3_4", -910.785, -539.8069, "T", "DIP", "GND", "GND", "C", 62.992, 62.992, 39.37, 39.37, 0],
		[56, "CON3_4", -910.785, -539.8069, "B", "DIP", "GND", "GND", "C", 62.992, 62.992, 39.37, 39.37, 0],
		[57, "CON3_5", -1197.005, -646.4969, "T", "DIP", "NET_10", "", "C", 114.173, 114.173, 90.552, 90.552, 0],
		[58, "CON3_5", -1197.005, -646.4969, "B", "DIP", "NET_10", "", "C", 114.173, 114.173, 90.552, 90.552, 0],
		[59, "CON3_6", -722.995, -646.4969, "T", "DIP", "NET_11", "", "C", 114.173, 114.173, 90.552, 90.552, 0],
		[60, "CON3_6", -722.995, -646.4969, "B", "DIP", "NET_11", "", "C", 114.173, 114.173, 90.552, 90.552, 0],
		[61, "D1_1", -264.88, -260, "T", "SMD", "$1N303", "", "R", 24.803, 32.677, 0, 0, 90],
		[62, "D1_2", -175.12, -260, "T", "SMD", "GND", "GND", "R", 24.803, 32.677, 0, 0, 90],
		[63, "D2_1", -752.804, -239.998, "T", "SMD", "+5V", "", "R", 11.811, 23.622, 0, 0, 0],
		[64, "D2_2", -727.214, -239.998, "T", "SMD", "GND", "GND", "R", 11.811, 23.622, 0, 0, 0],
		[65, "L1_1", 561.337, 311.148, "T", "SMD", "VCC_ISOOUT", "", "R", 31.106, 21.26, 0, 0, 0],
		[66, "L1_2", 604.257, 311.148, "T", "SMD", "VCC_ISO", "", "R", 31.106, 21.26, 0, 0, 0],
		[67, "L2_1", 561.337, 251.148, "T", "SMD", "GND_ISOOUT", "", "R", 31.106, 21.26, 0, 0, 0],
		[68, "L2_2", 604.257, 251.148, "T", "SMD", "GND_ISO", "", "R", 31.106, 21.26, 0, 0, 0],
		[69, "R1_1", 770.34, -20, "T", "SMD", "DMX-", "", "R", 31.751, 34.016, 0, 0, 0],
		[70, "R1_2", 829.66, -20, "T", "SMD", "DMX+", "", "R", 31.751, 34.016, 0, 0, 0],
		[71, "U1_1", -317.395, -123.307, "T", "SMD", "NET_12", "", "R", 23.622, 39.37, 0, 0, 0],
		[72, "U1_2", -280.005, -123.307, "T", "SMD", "$1N303", "", "R", 23.622, 39.37, 0, 0, 0],
		[73, "U1_3", -242.605, -123.307, "T", "SMD", "GND", "GND", "R", 23.622, 39.37, 0, 0, 0],
		[74, "U1_4", -242.595, -36.687, "T", "SMD", "TXD", "", "R", 23.622, 39.37, 0, 0, 0],
		[75, "U1_5", -317.405, -36.687, "T", "SMD", "+3V3", "", "R", 23.622, 39.37, 0, 0, 0],
		[76, "U2_1", -66.22, 705, "T", "SMD", "GND", "GND", "O", 23.425, 92.913, 0, 0, 270],
		[77, "U2_2", -66.22, 655, "T", "SMD", "+5V", "", "O", 23.425, 92.913, 0, 0, 270],
		[78, "U2_3", -66.22, 605, "T", "SMD", "GND", "GND", "O", 23.425, 92.913, 0, 0, 270],
		[79, "U2_4", -66.22, 555, "T", "SMD", "NET_13", "", "O", 23.425, 92.913, 0, 0, 270],
		[80, "U2_5", -66.22, 505, "T", "SMD", "+5V", "", "O", 23.425, 92.913, 0, 0, 270],
		[81, "U2_6", -66.22, 455, "T", "SMD", "+5V", "", "O", 23.425, 92.913, 0, 0, 270],
		[82, "U2_7", -66.22, 405, "T", "SMD", "TXD", "", "O", 23.425, 92.913, 0, 0, 270],
		[83, "U2_8", -66.22, 355, "T", "SMD", "+5V", "", "O", 23.425, 92.913, 0, 0, 270],
		[84, "U2_9", -66.22, 305, "T", "SMD", "GND", "GND", "O", 23.425, 92.913, 0, 0, 270],
		[85, "U2_10", -66.22, 255, "T", "SMD", "GND", "GND", "O", 23.425, 92.913, 0, 0, 270],
		[86, "U2_11", 306.22, 255, "T", "SMD", "GND_ISOOUT", "", "O", 23.425, 92.913, 0, 0, 270],
		[87, "U2_12", 306.22, 305, "T", "SMD", "VCC_ISOOUT", "", "O", 23.425, 92.913, 0, 0, 270],
		[88, "U2_13", 306.22, 355, "T", "SMD", "DMX+", "", "O", 23.425, 92.913, 0, 0, 270],
		[89, "U2_14", 306.22, 405, "T", "SMD", "GND_ISOOUT", "", "O", 23.425, 92.913, 0, 0, 270],
		[90, "U2_15", 306.22, 455, "T", "SMD", "DMX-", "", "O", 23.425, 92.913, 0, 0, 270],
		[91, "U2_16", 306.22, 505, "T", "SMD", "GND_ISO", "", "O", 23.425, 92.913, 0, 0, 270],
		[92, "U2_17", 306.22, 555, "T", "SMD", "GND_ISO", "", "O", 23.425, 92.913, 0, 0, 270],
		[93, "U2_18", 306.22, 605, "T", "SMD", "GND_ISO", "", "O", 23.425, 92.913, 0, 0, 270],
		[94, "U2_19", 306.22, 655, "T", "SMD", "VCC_ISO", "", "O", 23.425, 92.913, 0, 0, 270],
		[95, "U2_20", 306.22, 705, "T", "SMD", "GND_ISO", "", "O", 23.425, 92.913, 0, 0, 270],
		[96, "U3_1", -699.01, -97.4, "T", "SMD", "GND", "GND", "R", 41.634, 20.945, 0, 0, 0],
		[97, "U3_2", -699.01, -22.6, "T", "SMD", "+3V3", "", "R", 41.634, 20.945, 0, 0, 0],
		[98, "U3_3", -780.99, -60, "T", "SMD", "+5V", "", "R", 41.634, 20.945, 0, 0, 0],
		[99, "PAD1_2", -400, -107.56, "T", "SMD", "GND", "GND", "R", 31.496, 35.433, 0, 0, 270],
		[100, "PAD2_1", -400, -52.44, "T", "SMD", "+3V3", "", "R", 31.496, 35.433, 0, 0, 270],
		[101, "PAD3_2", -300, 359.37, "T", "SMD", "+5V", "", "R", 55.512, 53.15, 0, 0, 90],
		[102, "PAD4_1", -300, 280.63, "T", "SMD", "GND", "GND", "R", 55.512, 53.15, 0, 0, 90],
		[103, "PAD5_2", -200, 347.56, "T", "SMD", "+5V", "", "R", 31.496, 35.433, 0, 0, 90],
		[104, "PAD6_1", -200, 292.44, "T", "SMD", "GND", "GND", "R", 31.496, 35.433, 0, 0, 90],
		[105, "PAD7_2", -280, 652.44, "T", "SMD", "+5V", "", "R", 31.496, 35.433, 0, 0, 270],
		[106, "PAD8_1", -280, 707.56, "T", "SMD", "GND", "GND", "R", 31.496, 35.433, 0, 0, 270],
		[107, "PAD9_2", -200, 652.44, "T", "SMD", "+5V", "", "R", 31.496, 35.433, 0, 0, 270],
		[108, "PAD10_1", -200, 707.56, "T", "SMD", "GND", "GND", "R", 31.496, 35.433, 0, 0, 270],
		[109, "PAD11_2", 480, 252.44, "T", "SMD", "GND_ISOOUT", "", "R", 31.496, 35.433, 0, 0, 270],
		[110, "PAD12_1", 480, 307.56, "T", "SMD", "VCC_ISOOUT", "", "R", 31.496, 35.433, 0, 0, 270],
		[111, "PAD13_2", 719.37, 320, "T", "SMD", "VCC_ISO", "", "R", 55.512, 53.15, 0, 0, 90],
		[112, "PAD14_1", 719.37, 241.26, "T", "SMD", "GND_ISO", "", "R", 55.512, 53.15, 0, 0, 90],
		[113, "PAD15_2", 520, 652.44, "T", "SMD", "VCC_ISO", "", "R", 31.496, 35.433, 0, 0, 270],
		[114, "PAD16_1", 520, 707.56, "T", "SMD", "GND_ISO", "", "R", 31.496, 35.433, 0, 0, 270],
		[115, "PAD17_2", 420, 652.44, "T", "SMD", "VCC_ISO", "", "R", 31.496, 35.433, 0, 0, 270],
		[116, "PAD18_1", 420, 707.56, "T", "SMD", "GND_ISO", "", "R", 31.496, 35.433, 0, 0, 270],
		[117, "PAD19_2", 210.26, 80, "T", "SMD", "GND_ISOOUT", "", "R", 58.465, 136.063, 0, 0, 0],
		[118, "PAD20_1", 29.74, 80, "T", "SMD", "GND", "GND", "R", 58.465, 136.063, 0, 0, 0],
		[119, "PAD21_2", -980, -107.56, "T", "SMD", "GND", "GND", "R", 31.496, 35.433, 0, 0, 270],
		[120, "PAD22_1", -980, -52.44, "T", "SMD", "+5V", "", "R", 31.496, 35.433, 0, 0, 270],
		[121, "PAD23_2", -880, -40.63, "T", "SMD", "+5V", "", "R", 55.512, 53.15, 0, 0, 90],
		[122, "PAD24_1", -880, -119.37, "T", "SMD", "GND", "GND", "R", 55.512, 53.15, 0, 0, 90],
		[123, "PAD25_2", 750, -420, "T", "DIP", "DMX-", "", "C", 74.803, 74.803, 51.182, 51.182, 180],
		[124, "PAD25_2", 750, -420, "B", "DIP", "DMX-", "", "C", 74.803, 74.803, 51.182, 51.182, 180],
		[125, "PAD26_3", 750, -270, "T", "DIP", "DMX+", "", "C", 74.803, 74.803, 51.182, 51.182, 180],
		[126, "PAD26_3", 750, -270, "B", "DIP", "DMX+", "", "C", 74.803, 74.803, 51.182, 51.182, 180],
		[127, "PAD27_1", 900, -270, "T", "DIP", "GND_ISO", "", "C", 90.551, 90.551, 66.93, 66.93, 180],
		[128, "PAD27_1", 900, -270, "B", "DIP", "GND_ISO", "", "C", 90.551, 90.551, 66.93, 66.93, 180],
		[129, "PAD28_1", -910.785, -461.0669, "T", "DIP", "+5V", "", "C", 62.992, 62.992, 39.37, 39.37, 0],
		[130, "PAD28_1", -910.785, -461.0669, "B", "DIP", "+5V", "", "C", 62.992, 62.992, 39.37, 39.37, 0],
		[131, "PAD29_4", -910.785, -539.8069, "T", "DIP", "GND", "GND", "C", 62.992, 62.992, 39.37, 39.37, 0],
		[132, "PAD29_4", -910.785, -539.8069, "B", "DIP", "GND", "GND", "C", 62.992, 62.992, 39.37, 39.37, 0],
		[133, "PAD30_1", -264.88, -260, "T", "SMD", "$1N303", "", "R", 24.803, 32.677, 0, 0, 90],
		[134, "PAD31_2", -175.12, -260, "T", "SMD", "GND", "GND", "R", 24.803, 32.677, 0, 0, 90],
		[135, "PAD32_1", -752.804, -239.998, "T", "SMD", "+5V", "", "R", 11.811, 23.622, 0, 0, 0],
		[136, "PAD33_2", -727.214, -239.998, "T", "SMD", "GND", "GND", "R", 11.811, 23.622, 0, 0, 0],
		[137, "PAD34_2", 604.257, 311.148, "T", "SMD", "VCC_ISO", "", "R", 31.106, 21.26, 0, 0, 0],
		[138, "PAD35_1", 561.337, 311.148, "T", "SMD", "VCC_ISOOUT", "", "R", 31.106, 21.26, 0, 0, 0],
		[139, "PAD36_2", 604.257, 251.148, "T", "SMD", "GND_ISO", "", "R", 31.106, 21.26, 0, 0, 0],
		[140, "PAD37_1", 561.337, 251.148, "T", "SMD", "GND_ISOOUT", "", "R", 31.106, 21.26, 0, 0, 0],
		[141, "PAD38_2", 829.66, -20, "T", "SMD", "DMX+", "", "R", 31.751, 34.016, 0, 0, 0],
		[142, "PAD39_1", 770.34, -20, "T", "SMD", "DMX-", "", "R", 31.751, 34.016, 0, 0, 0],
		[143, "PAD40_2", -280.005, -123.307, "T", "SMD", "$1N303", "", "R", 23.622, 39.37, 0, 0, 0],
		[144, "PAD41_3", -242.605, -123.307, "T", "SMD", "GND", "GND", "R", 23.622, 39.37, 0, 0, 0],
		[145, "PAD42_4", -242.595, -36.687, "T", "SMD", "TXD", "", "R", 23.622, 39.37, 0, 0, 0],
		[146, "PAD43_5", -317.405, -36.687, "T", "SMD", "+3V3", "", "R", 23.622, 39.37, 0, 0, 0],
		[147, "PAD44_1", -66.22, 705, "T", "SMD", "GND", "GND", "O", 23.425, 92.913, 0, 0, 270],
		[148, "PAD45_2", -66.22, 655, "T", "SMD", "+5V", "", "O", 23.425, 92.913, 0, 0, 270],
		[149, "PAD46_3", -66.22, 605, "T", "SMD", "GND", "GND", "O", 23.425, 92.913, 0, 0, 270],
		[150, "PAD47_5", -66.22, 505, "T", "SMD", "+5V", "", "O", 23.425, 92.913, 0, 0, 270],
		[151, "PAD48_6", -66.22, 455, "T", "SMD", "+5V", "", "O", 23.425, 92.913, 0, 0, 270],
		[152, "PAD49_7", -66.22, 405, "T", "SMD", "TXD", "", "O", 23.425, 92.913, 0, 0, 270],
		[153, "PAD50_8", -66.22, 355, "T", "SMD", "+5V", "", "O", 23.425, 92.913, 0, 0, 270],
		[154, "PAD51_9", -66.22, 305, "T", "SMD", "GND", "GND", "O", 23.425, 92.913, 0, 0, 270],
		[155, "PAD52_10", -66.22, 255, "T", "SMD", "GND", "GND", "O", 23.425, 92.913, 0, 0, 270],
		[156, "PAD53_20", 306.22, 705, "T", "SMD", "GND_ISO", "", "O", 23.425, 92.913, 0, 0, 270],
		[157, "PAD54_19", 306.22, 655, "T", "SMD", "VCC_ISO", "", "O", 23.425, 92.913, 0, 0, 270],
		[158, "PAD55_18", 306.22, 605, "T", "SMD", "GND_ISO", "", "O", 23.425, 92.913, 0, 0, 270],
		[159, "PAD56_17", 306.22, 555, "T", "SMD", "GND_ISO", "", "O", 23.425, 92.913, 0, 0, 270],
		[160, "PAD57_16", 306.22, 505, "T", "SMD", "GND_ISO", "", "O", 23.425, 92.913, 0, 0, 270],
		[161, "PAD58_15", 306.22, 455, "T", "SMD", "DMX-", "", "O", 23.425, 92.913, 0, 0, 270],
		[162, "PAD59_14", 306.22, 405, "T", "SMD", "GND_ISOOUT", "", "O", 23.425, 92.913, 0, 0, 270],
		[163, "PAD60_13", 306.22, 355, "T", "SMD", "DMX+", "", "O", 23.425, 92.913, 0, 0, 270],
		[164, "PAD61_12", 306.22, 305, "T", "SMD", "VCC_ISOOUT", "", "O", 23.425, 92.913, 0, 0, 270],
		[165, "PAD62_11", 306.22, 255, "T", "SMD", "GND_ISOOUT", "", "O", 23.425, 92.913, 0, 0, 270],
		[166, "PAD63_1", -699.01, -97.4, "T", "SMD", "GND", "GND", "R", 41.634, 20.945, 0, 0, 0],
		[167, "PAD64_2", -699.01, -22.6, "T", "SMD", "+3V3", "", "R", 41.634, 20.945, 0, 0, 0],
		[168, "PAD65_3", -780.99, -60, "T", "SMD", "+5V", "", "R", 41.634, 20.945, 0, 0, 0],
		[169, "PAD66_2", -161.57, -400.59, "T", "DIP", "GND", "GND", "C", 62.992, 62.992, 39.37, 39.37, 270],
		[170, "PAD66_2", -161.57, -400.59, "B", "DIP", "GND", "GND", "C", 62.992, 62.992, 39.37, 39.37, 270],
		[171, "PAD67_1", -260, -400.59, "T", "DIP", "$1N303", "", "C", 62.992, 62.992, 39.37, 39.37, 270],
		[172, "PAD67_1", -260, -400.59, "B", "DIP", "$1N303", "", "C", 62.992, 62.992, 39.37, 39.37, 270]
	]
}
}